Workbook

Sheet feeder1878_lines
A1: line_name | B1: bus1 | C1: bus2 | D1: bus1_name | E1: bus2_name | F1: length_km | G1: phases | H1: linecode | I1: enabled | J1: bus1_kvbase | K1: bus2_kvbase | L1: bus1_x | M1: bus1_y | N1: bus2_x | O1: bus2_y
A2: l(r:p1udt40lv-p1ulv42) | B2: p1udt40lv.1.2 | C2: p1ulv42.1.2 | D2: p1udt40lv | E2: p1ulv42 | F2: 0.0161668 | G2: 2 | H2: 1p_oh_al_2/0_rucina_2 | I2: TRUE | J2: 0.12008886 | K2: 0.12008886 | L2: -100.48932 | M2: 28.711282 | N2: -100.4893 | O2: 28.711384
A3: l(r:p1udm147-p1ulv4632) | B3: p1udm147.1.2 | C3: p1ulv4632.1.2 | D3: p1udm147 | E3: p1ulv4632 | F3: 0.0427966 | G3: 2 | H3: 1p_oh_al_4/0_zuzara_2 | I3: TRUE | J3: 0.12008886 | K3: 0.12008886 | L3: -100.48953 | M3: 28.711224 | N3: -100.48942 | O3: 28.711632
A4: l(r:p1udm147-p1ulv8502) | B4: p1udm147.1.2 | C4: p1ulv8502.1.2 | D4: p1udm147 | E4: p1ulv8502 | F4: 0.0164908 | G4: 2 | H4: 1p_oh_al_2/0_rucina_2 | I4: TRUE | J4: 0.12008886 | K4: 0.12008886 | L4: -100.48953 | M4: 28.711224 | N4: -100.48947 | O4: 28.711434
A5: l(r:p1udm147-p1udt40lv) | B5: p1udt40lv.1.2 | C5: p1udm147.1.2 | D5: p1udt40lv | E5: p1udm147 | F5: 0.0183911 | G5: 2 | H5: 1p_oh_al_2/0_rucina_2 | I5: TRUE | J5: 0.12008886 | K5: 0.12008886 | L5: -100.48932 | M5: 28.711282 | N5: -100.48953 | O5: 28.711224
A6: l(r:p1udm149-p1ulv10352) | B6: p1udm149.1.2 | C6: p1ulv10352.1.2 | D6: p1udm149 | E6: p1ulv10352 | F6: 0.0120041 | G6: 2 | H6: 1p_oh_al_2/0_rucina_2 | I6: TRUE | J6: 0.12008886 | K6: 0.12008886 | L6: -100.48876 | M6: 28.711377 | N6: -100.48887 | O6: 28.711441
A7: l(r:p1udm149-p1udt40lv) | B7: p1udt40lv.1.2 | C7: p1udm149.1.2 | D7: p1udt40lv | E7: p1udm149 | F7: 0.0750391 | G7: 2 | H7: 1p_oh_al_4/0_zuzara_2 | I7: TRUE | J7: 0.12008886 | K7: 0.12008886 | L7: -100.48932 | M7: 28.711282 | N7: -100.48876 | O7: 28.711377
A8: l(r:p1udm191-p1ulv56) | B8: p1udm191.1.2 | C8: p1ulv56.1.2 | D8: p1udm191 | E8: p1ulv56 | F8: 0.0188905 | G8: 2 | H8: 1p_ug_al_1/0_brenau_2 | I8: TRUE | J8: 0.12008886 | K8: 0.12008886 | L8: -100.49558 | M8: 28.704154 | N8: -100.49557 | O8: 28.704401
A9: l(r:p1udm191-p1udt54lv) | B9: p1udt54lv.1.2 | C9: p1udm191.1.2 | D9: p1udt54lv | E9: p1udm191 | F9: 0.03855 | G9: 2 | H9: 1p_ug_al_1/0_brenau_2 | I9: TRUE | J9: 0.12008886 | K9: 0.12008886 | L9: -100.49517 | M9: 28.70425 | N9: -100.49558 | O9: 28.704154
A10: l(r:p1udm192-p1ulv1949) | B10: p1udm192.1.2 | C10: p1ulv1949.1.2 | D10: p1udm192 | E10: p1ulv1949 | F10: 0.00972083 | G10: 2 | H10: 1p_ug_al_1/0_brenau_2 | I10: TRUE | J10: 0.12008886 | K10: 0.12008886 | L10: -100.49479 | M10: 28.703991 | N10: -100.4947 | O10: 28.70401
A11: l(r:p1udm192-p1udt54lv) | B11: p1udt54lv.1.2 | C11: p1udm192.1.2 | D11: p1udt54lv | E11: p1udm192 | F11: 0.0573511 | G11: 2 | H11: 1p_ug_al_1/0_brenau_2 | I11: TRUE | J11: 0.12008886 | K11: 0.12008886 | L11: -100.49517 | M11: 28.70425 | N11: -100.49479 | O11: 28.703991
A12: l(r:p1udm193-p1ulv57) | B12: p1udm193.1.2 | C12: p1ulv57.1.2 | D12: p1udm193 | E12: p1ulv57 | F12: 0.0120376 | G12: 2 | H12: 1p_oh_al_2/0_rucina_2 | I12: TRUE | J12: 0.12008886 | K12: 0.12008886 | L12: -100.50028 | M12: 28.708515 | N12: -100.50029 | O12: 28.708482
A13: l(r:p1udm195-p1ulv4187) | B13: p1udm195.1.2 | C13: p1ulv4187.1.2 | D13: p1udm195 | E13: p1ulv4187 | F13: 0.00859724 | G13: 2 | H13: 1p_oh_al_2/0_rucina_2 | I13: TRUE | J13: 0.12008886 | K13: 0.12008886 | L13: -100.50009 | M13: 28.708526 | N13: -100.50011 | O13: 28.708482
... A1446: padswitch(r:p1udt2982-p1udt4765)p1u_25244 | B1446: p1udt2982-p1udt4765x.1.2.3 | C1446: p1udt2982.1.2.3 | D1446: p1udt2982-p1udt4765x | E1446: p1udt2982 | F1446: 0.001 | G1446: 3 | H1446: padswitch_3_10 | I1446: TRUE | J1446: 7.1995579 | K1446: 7.1995579 | L1446: -100.48185 | M1446: 28.705622 | N1446: -100.4819 | O1446: 28.705604
A1447: elbswitch(r:p1udt1988-p1udt4233)p1u_27808 | B1447: p1udt4233.1.2.3 | C1447: p1udt1988-p1udt4233x.1.2.3 | D1447: p1udt4233 | E1447: p1udt1988-p1udt4233x | F1447: 0.001 | G1447: 3 | H1447: elbswitch_3 | I1447: FALSE | J1447: 7.1995579 | L1447: -100.49569 | M1447: 28.735905
A1448: fuse(r:p1udt2062-p1udt60)p1u_27830 | B1448: p1udt60.2 | C1448: p1udt2062-p1udt60xxx.2 | D1448: p1udt60 | E1448: p1udt2062-p1udt60xxx | F1448: 0.001 | G1448: 1 | H1448: fuse_1_2 | I1448: TRUE | J1448: 7.1995579 | K1448: 7.1995579 | L1448: -100.48852 | M1448: 28.710117 | N1448: -100.48848 | O1448: 28.710089
A1449: fuse(r:p1udt184-p1udt4208)p1u_27840 | B1449: p1udt184.1 | C1449: p1udt184-p1udt4208x.1 | D1449: p1udt184 | E1449: p1udt184-p1udt4208x | F1449: 0.001 | G1449: 1 | H1449: fuse_1_3 | I1449: TRUE | J1449: 7.1995579 | K1449: 7.1995579 | L1449: -100.5021 | M1449: 28.708509 | N1449: -100.50206 | O1449: 28.708484
A1450: fuse(r:p1udt281-p1udt4688)p1u_27844 | B1450: p1udt281.1 | C1450: p1udt281-p1udt4688x.1 | D1450: p1udt281 | E1450: p1udt281-p1udt4688x | F1450: 0.001 | G1450: 1 | H1450: fuse_1_1 | I1450: TRUE | J1450: 7.1995579 | K1450: 7.1995579 | L1450: -100.49945 | M1450: 28.708932 | N1450: -100.49947 | O1450: 28.708967
A1451: fuse(r:p1udt4668-p1udt651)p1u_27877 | B1451: p1udt651.1 | C1451: p1udt4668-p1udt651x.1 | D1451: p1udt651 | E1451: p1udt4668-p1udt651x | F1451: 0.001 | G1451: 1 | H1451: fuse_1 | I1451: TRUE | J1451: 7.1995579 | K1451: 7.1995579 | L1451: -100.50265 | M1451: 28.711892 | N1451: -100.5027 | O1451: 28.711905
A1452: fuse(r:p1udt4595-p1udt766)p1u_27893 | B1452: p1udt766.1 | C1452: p1udt4595-p1udt766x.1 | D1452: p1udt766 | E1452: p1udt4595-p1udt766x | F1452: 0.001 | G1452: 1 | H1452: fuse_1_1 | I1452: TRUE | J1452: 7.1995579 | K1452: 7.1995579 | L1452: -100.50394 | M1452: 28.707554 | N1452: -100.50391 | O1452: 28.707516
A1453: fuse(r:p1udt3668-p1udt867)p1u_27903 | B1453: p1udt867.3 | C1453: p1udt3668-p1udt867x.3 | D1453: p1udt867 | E1453: p1udt3668-p1udt867x | F1453: 0.001 | G1453: 1 | H1453: fuse_1_1 | I1453: TRUE | J1453: 7.1995579 | K1453: 7.1995579 | L1453: -100.48425 | M1453: 28.705874 | N1453: -100.48429 | O1453: 28.705859
A1454: fuse(r:p1udt1299-p1udt2465)p1u_27952 | B1454: p1udt1299.3 | C1454: p1udt1299-p1udt2465x.3 | D1454: p1udt1299 | E1454: p1udt1299-p1udt2465x | F1454: 0.001 | G1454: 1 | H1454: fuse_1_1 | I1454: TRUE | J1454: 7.1995579 | K1454: 7.1995579 | L1454: -100.4952 | M1454: 28.729133 | N1454: -100.49525 | O1454: 28.729147
A1455: fuse(r:p1udt1377-p1udt2572)p1u_27961 | B1455: p1udt1377.3 | C1455: p1udt1377-p1udt2572x.3 | D1455: p1udt1377 | E1455: p1udt1377-p1udt2572x | F1455: 0.001 | G1455: 1 | H1455: fuse_1_1 | I1455: TRUE | J1455: 7.1995579 | K1455: 7.1995579 | L1455: -100.50483 | M1455: 28.711323 | N1455: -100.50483 | O1455: 28.711368
A1456: fuse(r:p1udt1396-p1udt2276)p1u_27964 | B1456: p1udt1396.1 | C1456: p1udt1396-p1udt2276x.1 | D1456: p1udt1396 | E1456: p1udt1396-p1udt2276x | F1456: 0.001 | G1456: 1 | H1456: fuse_1_1 | I1456: TRUE | J1456: 7.1995579 | K1456: 7.1995579 | L1456: -100.48981 | M1456: 28.70752 | N1456: -100.48985 | O1456: 28.70749
A1457: fuse(r:p1udt1732-p1udt3128)p1u_28002 | B1457: p1udt1732.1 | C1457: p1udt1732-p1udt3128x.1 | D1457: p1udt1732 | E1457: p1udt1732-p1udt3128x | F1457: 0.001 | G1457: 1 | H1457: fuse_1_2 | I1457: TRUE | J1457: 7.1995579 | K1457: 7.1995579 | L1457: -100.48776 | M1457: 28.710113 | N1457: -100.48772 | O1457: 28.710148
A1458: fuse(r:p1udt1880-p1udt675)p1u_28022 | B1458: p1udt1880.1 | C1458: p1udt1880-p1udt675x.1 | D1458: p1udt1880 | E1458: p1udt1880-p1udt675x | F1458: 0.001 | G1458: 1 | H1458: fuse_1_5 | I1458: TRUE | J1458: 7.1995579 | K1458: 7.1995579 | L1458: -100.48877 | M1458: 28.70934 | N1458: -100.48877 | O1458: 28.709297
A1459: fuse(r:p1udt2061-p1udt2468)p1u_28044 | B1459: p1udt2061.1 | C1459: p1udt2061-p1udt2468x.1 | D1459: p1udt2061 | E1459: p1udt2061-p1udt2468x | F1459: 0.001 | G1459: 1 | H1459: fuse_1 | I1459: TRUE | J1459: 7.1995579 | K1459: 7.1995579 | L1459: -100.49701 | M1459: 28.71518 | N1459: -100.49698 | O1459: 28.71514
... A1503: l(r:p1udt1487-p1udt2521)_cont | B1503: p1udt1487-p1udt2521x_b2_1.1 | C1503: p1udt1487.1 | D1503: p1udt1487-p1udt2521x_b2_1 | E1503: p1udt1487 | F1503: 0.8180856 | G1503: 1 | H1503: 1p_oh_al_acsr_#2_sparrow_1 | I1503: TRUE | J1503: 7.1995579 | K1503: 7.1995579 | L1503: -100.49229 | M1503: 28.72279 | N1503: -100.49161 | O1503: 28.727681

Sheet Sheet1
A1: {=_xlfn.UNIQUE(feeder1878_lines!J:J)} -> bus1_kvbase | B1: {=_xlfn.UNIQUE(feeder1878_lines!H:H)} -> linecode | C1: bus voltage
A2: 0.12008886 | B2: 1p_oh_al_2/0_rucina_2 | C2: =_xlfn.XLOOKUP(B2,feeder1878_lines!H:H,feeder1878_lines!J:J) -> 0.12008886 | E2: 1p_oh_al_acsr_#2_sparrow_1
A3: 7.1995579 | B3: 1p_oh_al_4/0_zuzara_2 | C3: =_xlfn.XLOOKUP(B3,feeder1878_lines!H:H,feeder1878_lines!J:J) -> 0.12008886 | E3: 3p_oh_al_acsr_4/0_penguin_3_1
A4: 0.27712813 | B4: 1p_ug_al_1/0_brenau_2 | C4: =_xlfn.XLOOKUP(B4,feeder1878_lines!H:H,feeder1878_lines!J:J) -> 0.12008886 | E4: 3p_oh_al_acsr_4/0_penguin_3
A5: 0 | B5: 1p_ug_al_4/0_sweetbriar_2 | C5: =_xlfn.XLOOKUP(B5,feeder1878_lines!H:H,feeder1878_lines!J:J) -> 0.12008886 | E5: 3p_oh_al_acsr_4/0_penguin_3_3
B6: 1p_ug_al_2/0_converse_2 | C6: =_xlfn.XLOOKUP(B6,feeder1878_lines!H:H,feeder1878_lines!J:J) -> 0.12008886
B7: 1p_oh_al_4_periwinkle_2 | C7: =_xlfn.XLOOKUP(B7,feeder1878_lines!H:H,feeder1878_lines!J:J) -> 0.12008886
B8: 1p_ug_al_4/0_sweetbriar_2_2 | C8: =_xlfn.XLOOKUP(B8,feeder1878_lines!H:H,feeder1878_lines!J:J) -> 0.12008886
B9: 1p_oh_al_4/0_zuzara_2_2 | C9: =_xlfn.XLOOKUP(B9,feeder1878_lines!H:H,feeder1878_lines!J:J) -> 0.12008886
B10: 1p_oh_al_2/0_rucina_2_3 | C10: =_xlfn.XLOOKUP(B10,feeder1878_lines!H:H,feeder1878_lines!J:J) -> 0.12008886
B11: 1p_oh_al_acsr_#2_sparrow_1 | C11: =_xlfn.XLOOKUP(B11,feeder1878_lines!H:H,feeder1878_lines!J:J) -> 7.1995579
B12: 1p_ug_al_1 | C12: =_xlfn.XLOOKUP(B12,feeder1878_lines!H:H,feeder1878_lines!J:J) -> 7.1995579
B13: 3p_oh_al_acsr_4/0_penguin_3_1 | C13: =_xlfn.XLOOKUP(B13,feeder1878_lines!H:H,feeder1878_lines!J:J) -> 7.1995579
B14: 3p_oh_al_acsr_4/0_penguin_3 | C14: =_xlfn.XLOOKUP(B14,feeder1878_lines!H:H,feeder1878_lines!J:J) -> 7.1995579
B15: 3p_ug_al_3 | C15: =_xlfn.XLOOKUP(B15,feeder1878_lines!H:H,feeder1878_lines!J:J) -> 7.1995579
B16: 3p_oh_al_acsr_4/0_penguin_3_3 | C16: =_xlfn.XLOOKUP(B16,feeder1878_lines!H:H,feeder1878_lines!J:J) -> 7.1995579
B17: 3p_ug_al_350kcmil_3_3 | C17: =_xlfn.XLOOKUP(B17,feeder1878_lines!H:H,feeder1878_lines!J:J) -> 0.27712813
... B40: fuse_1_4 | C40: =_xlfn.XLOOKUP(B40,feeder1878_lines!H:H,feeder1878_lines!J:J) -> 7.1995579
B41: 0
